"Table 4c. Reported Voting and Registration of the Total Voting-Age Population, by Age, for States: November 2024",,,,,,,,,,,,,
"(Numbers in thousands, Population 18 and Over)",,,,,,,,,,,,,
Characteristics,,Total population,Total citizen population,Registered,,,,,Voted,,,,
,,,,Total registered,"Percent registered
(Total)",Margin of error (+/-)1,"Percent registered
(Citizen)",Margin of error (+/-)1,Total voted,"Percent voted
(Total)",Margin of error (+/-)1,"Percent voted
(Citizen)",Margin of error (+/-)1
UNITED STATES,Total,"260,363","236,138","173,854",66.8,0.5,73.6,0.5,"154,308",59.3,0.5,65.3,0.5
,18 to 24 years,"29,986","27,548","16,052",53.5,1.3,58.3,1.3,"13,150",43.9,1.2,47.7,1.3
,25 to 34 years,"44,385","38,963","26,637",60,1,68.4,1,"22,148",49.9,1,56.8,1
,35 to 44 years,"44,380","38,229","27,920",62.9,0.9,73,0.8,"24,340",54.8,0.9,63.7,1
,45 to 64 years,"81,204","73,404","56,675",69.8,0.7,77.2,0.7,"51,354",63.2,0.7,70,0.7
,65 years and over,"60,408","57,994","46,571",77.1,0.7,80.3,0.7,"43,317",71.7,0.7,74.7,0.7
ALABAMA,Total,"3,931","3,779","2,605",66.3,3.8,68.9,4.5,"2,219",56.5,3.8,58.7,4.5
,18 to 24 years,415,400,212,51.1,7,53,7.6,167,40.2,6.7,41.6,7.2
,25 to 34 years,726,681,409,56.3,6.6,60,7.4,318,43.8,6.7,46.7,7.6
,35 to 44 years,590,555,370,62.7,7.9,66.7,8,304,51.5,7,54.8,7
,45 to 64 years,"1,272","1,228",904,71.1,3.8,73.6,4,793,62.4,4.2,64.6,4.3
,65 years and over,928,915,709,76.4,6.6,77.5,6.5,637,68.7,7.6,69.7,7.6
ALASKA,Total,536,521,408,76.1,3.4,78.3,3.4,324,60.4,3.9,62.1,4.1
,18 to 24 years,57,54,39,68.9,8.7,71.7,8.7,24,43.2,14.4,45,15.1
,25 to 34 years,104,102,75,72.7,10.5,73.6,10.3,50,48.4,8.6,49,8.6
,35 to 44 years,104,102,82,78.9,7.9,80,7.9,64,61.9,7.4,62.8,7.3
,45 to 64 years,170,162,128,75.7,5.3,79.2,5.6,111,65.7,5.5,68.7,5.9
,65 years and over,102,100,83,81.4,6,83.6,6.3,73,71.7,5.9,73.6,6.4
ARIZONA,Total,"5,841","5,186","3,578",61.3,3.4,69,3.2,"3,201",54.8,3.3,61.7,3.2
,18 to 24 years,723,664,294,40.7,9.5,44.3,9.9,212,29.3,7.5,31.9,7.9
,25 to 34 years,941,879,565,60.1,7.5,64.4,7.1,482,51.3,8.2,54.9,8.2
,35 to 44 years,970,785,538,55.5,6.8,68.5,6.9,475,48.9,6.8,60.5,6.9
,45 to 64 years,"1,777","1,512","1,086",61.1,5.1,71.8,4.7,972,54.7,5.5,64.3,5.2
,65 years and over,"1,430","1,347","1,094",76.5,4.6,81.3,4.5,"1,060",74.1,4.6,78.7,4.4
ARKANSAS,Total,"2,371","2,274","1,472",62.1,2.4,64.7,2.3,"1,200",50.6,2.8,52.8,2.7
,18 to 24 years,310,301,152,49.1,6.2,50.5,6.1,113,36.6,7.3,37.6,7.3
,25 to 34 years,381,354,198,51.8,7,55.9,7.1,142,37.2,6.8,40.2,7.2
,35 to 44 years,397,367,222,55.8,5.1,60.4,5.3,183,46,6.5,49.8,6.9
,45 to 64 years,693,669,460,66.3,5.3,68.7,5,378,54.6,5.4,56.6,5.2
,65 years and over,590,583,441,74.7,3.8,75.6,3.7,384,65,4.5,65.8,4.5
CALIFORNIA,Total,"30,100","25,327","18,471",61.4,1.5,72.9,1.5,"16,385",54.4,1.5,64.7,1.6
,18 to 24 years,"3,447","3,054","1,880",54.5,3.5,61.6,3.7,"1,621",47,3.3,53.1,3.4
,25 to 34 years,"5,323","4,422","2,936",55.1,2.9,66.4,2.9,"2,560",48.1,2.7,57.9,2.8
,35 to 44 years,"5,512","4,322","3,214",58.3,3.1,74.4,2.9,"2,783",50.5,2.9,64.4,3.2
,45 to 64 years,"9,524","7,816","5,925",62.2,2.3,75.8,2.1,"5,238",55,2.4,67,2.4
,65 years and over,"6,294","5,713","4,517",71.8,2.6,79.1,2.5,"4,183",66.5,2.5,73.2,2.4
COLORADO,Total,"4,630","4,277","3,158",68.2,4.8,73.8,5.2,"2,997",64.7,4.7,70.1,5
,18 to 24 years,512,475,299,58.4,8.6,63,9.3,267,52,10,56.2,11
,25 to 34 years,953,876,602,63.2,7.9,68.7,8.2,529,55.5,6.3,60.4,6.5
,35 to 44 years,823,712,513,62.3,6.9,72,6.7,502,61.1,6.9,70.6,6.8
,45 to 64 years,"1,337","1,229",929,69.5,5.9,75.6,6.4,897,67.1,6.6,73,7.3
,65 years and over,"1,005",984,814,81,7.6,82.7,7.1,802,79.8,7.5,81.5,7
CONNECTICUT,Total,"2,850","2,608","1,882",66,3.5,72.2,3.4,"1,729",60.7,3.5,66.3,3.4
,18 to 24 years,383,355,171,44.5,9.6,48.1,9.8,146,38,9.9,41.1,10.3
,25 to 34 years,393,347,254,64.8,9.1,73.4,8.8,218,55.6,9,63,8.9
,35 to 44 years,442,388,276,62.4,8.7,71,8.8,250,56.6,8.4,64.4,8.8
,45 to 64 years,957,863,654,68.3,4.5,75.7,4.4,618,64.6,4.8,71.6,4.9
,65 years and over,675,655,528,78.2,4.5,80.5,4.4,496,73.6,4.9,75.7,4.8
DELAWARE,Total,819,746,577,70.4,4,77.4,3.6,521,63.5,4,69.8,3.7
,18 to 24 years,86,81,45,52.7,12.2,55.7,12.3,39,45.2,10.9,47.7,11.2
,25 to 34 years,126,111,80,62.9,9.9,71.9,9.8,67,52.8,9.5,60.3,10
,35 to 44 years,121,98,70,58.4,8.9,71.7,9.2,56,46.8,8.9,57.5,10
,45 to 64 years,252,229,189,74.8,6,82.4,5.4,179,70.8,6.1,78,5.9
,65 years and over,234,226,193,82.4,4.8,85.3,4.6,180,76.8,5.4,79.6,5.1
DISTRICT OF COLUMBIA,Total,557,507,432,77.5,3,85.1,2.8,404,72.5,3.4,79.5,3.3
,18 to 24 years,67,63,49,73.2,9.3,78.8,8.9,46,68,9.7,73.2,9.6
,25 to 34 years,149,134,113,76.2,4.8,84.9,4.3,107,71.9,5.4,80.1,5.2
,35 to 44 years,117,105,89,76.3,5.6,84.9,5,81,69.3,6.3,77.1,6.3
,45 to 64 years,133,121,106,79.7,4.3,87.6,3.8,98,74.2,4.4,81.6,3.9
,65 years and over,91,86,74,81.2,4.8,86.7,4.3,71,78.2,5.3,83.4,4.9
FLORIDA,Total,"18,333","16,092","10,788",58.8,2,67,2.2,"9,703",52.9,1.7,60.3,1.9
,18 to 24 years,"1,923","1,675",784,40.8,5.2,46.8,5.8,616,32.1,5.2,36.8,5.9
,25 to 34 years,"2,793","2,366","1,445",51.7,3.8,61.1,4.3,"1,215",43.5,4,51.4,4.3
,35 to 44 years,"2,767","2,323","1,501",54.2,4,64.6,4.3,"1,319",47.7,3.9,56.8,4.2
,45 to 64 years,"5,826","5,010","3,421",58.7,3.3,68.3,3.4,"3,146",54,3.1,62.8,3.2
,65 years and over,"5,025","4,718","3,637",72.4,2.8,77.1,2.7,"3,406",67.8,2.7,72.2,2.6
GEORGIA,Total,"8,431","7,624","5,401",64.1,2.9,70.8,2.8,"4,908",58.2,2.7,64.4,2.6
,18 to 24 years,935,889,520,55.6,8.5,58.5,8.7,440,47.1,7.6,49.6,8
,25 to 34 years,"1,571","1,341",876,55.8,5.4,65.4,5.4,733,46.6,5.6,54.7,5.5
,35 to 44 years,"1,435","1,192",779,54.3,6.4,65.4,6,706,49.2,5.9,59.2,5.8
,45 to 64 years,"2,729","2,487","1,860",68.2,4.3,74.8,4.2,"1,736",63.6,4.4,69.8,4.2
,65 years and over,"1,761","1,716","1,366",77.6,4.3,79.6,4.1,"1,294",73.5,4.6,75.4,4.4
HAWAII,Total,"1,077","1,004",679,63.1,3,67.6,3,587,54.5,3.4,58.5,3.4
,18 to 24 years,114,108,48,41.9,9.4,44.3,9.4,41,36.2,9.1,38.3,9.1
,25 to 34 years,158,148,94,59.1,7.6,63.5,7.8,72,45.5,8.3,48.8,8.6
,35 to 44 years,159,142,98,61.8,6.5,69.2,6.2,79,49.9,7.3,55.9,7.4
,45 to 64 years,328,301,209,63.7,5.3,69.5,5.3,178,54.2,6.2,59.1,6.2
,65 years and over,317,306,230,72.6,4,75.4,3.9,216,68.2,4.1,70.8,4
IDAHO,Total,"1,517","1,428","1,017",67,2,71.2,2.1,932,61.4,2.1,65.2,2.2
,18 to 24 years,183,175,93,50.7,6.8,53,7,84,45.7,7,47.8,7.2
,25 to 34 years,276,262,165,59.7,4.6,62.8,5.1,140,50.6,5.5,53.2,5.6
,35 to 44 years,253,215,157,62,5.7,73,5.1,141,55.6,5.8,65.4,5.6
,45 to 64 years,464,442,339,73,3.5,76.8,3.3,316,68.1,3.8,71.6,3.7
,65 years and over,340,333,263,77.3,3.9,78.9,3.9,251,73.9,4,75.4,4
ILLINOIS,Total,"9,793","8,830","6,780",69.2,2.7,76.8,2.6,"5,817",59.4,3,65.9,3
,18 to 24 years,"1,194","1,123",690,57.8,6.6,61.4,7.1,558,46.7,6.1,49.7,6.5
,25 to 34 years,"1,638","1,368",989,60.4,4.9,72.3,4.8,744,45.4,5.6,54.4,6.1
,35 to 44 years,"1,677","1,437","1,118",66.7,5.6,77.8,4.8,956,57,5.7,66.6,5.4
,45 to 64 years,"3,166","2,849","2,308",72.9,4,81,3.8,"2,049",64.7,4.5,71.9,4.3
,65 years and over,"2,118","2,054","1,675",79.1,3.8,81.5,3.6,"1,509",71.2,4.4,73.5,4.2
INDIANA,Total,"5,191","4,801","3,536",68.1,3.7,73.7,3.3,"2,912",56.1,3.6,60.7,3.4
,18 to 24 years,585,531,330,56.4,8.5,62.1,8.7,257,44,7.5,48.4,7.2
,25 to 34 years,951,833,558,58.7,6.6,67,5.9,398,41.8,7.2,47.8,7.3
,35 to 44 years,832,747,547,65.8,5.6,73.3,5.1,443,53.3,6.2,59.3,6.9
,45 to 64 years,"1,723","1,611","1,219",70.8,4.5,75.7,4.2,"1,024",59.5,4.8,63.6,4.8
,65 years and over,"1,100","1,079",882,80.1,4.9,81.7,4.7,789,71.7,4.9,73.2,4.7
IOWA,Total,"2,462","2,310","1,861",75.6,3.9,80.6,3.7,"1,658",67.4,4.7,71.8,4.4
,18 to 24 years,327,311,201,61.5,10.2,64.7,10.9,173,52.9,10.1,55.7,10.7
,25 to 34 years,383,356,290,75.8,8.5,81.5,7.7,252,65.8,9.2,70.8,8.4
,35 to 44 years,415,383,300,72.4,8.5,78.5,7.6,268,64.7,9.6,70.1,9.3
,45 to 64 years,776,712,588,75.8,6.1,82.6,5.4,521,67.1,6.5,73.1,6
,65 years and over,562,548,481,85.5,5.1,87.7,4.7,445,79.1,5.7,81.1,5.5
KANSAS,Total,"2,203","2,041","1,628",73.9,5.1,79.8,4.5,"1,443",65.5,5.7,70.7,5.6
,18 to 24 years,286,259,159,55.4,11.1,61.3,9.2,132,46,9.3,50.9,8.4
,25 to 34 years,322,286,213,66.2,7,74.7,7,163,50.7,8.2,57.2,8.8
,35 to 44 years,416,374,299,71.9,7.4,80,6.5,262,62.9,9,70,8.6
,45 to 64 years,665,625,529,79.6,7.6,84.6,7.2,489,73.5,7.7,78.2,8.1
,65 years and over,514,497,428,83.3,5.7,86,5.5,398,77.4,7.1,79.9,7.1
KENTUCKY,Total,"3,405","3,178","2,558",75.1,4.2,80.5,3.2,"2,152",63.2,4.3,67.7,3.6
,18 to 24 years,335,277,163,48.7,11.5,58.9,10.1,103,30.6,10.5,37,11
,25 to 34 years,481,435,365,75.8,7.6,84,7.5,266,55.2,10.7,61.1,10.9
,35 to 44 years,665,616,458,68.9,8.4,74.3,8,384,57.8,8.9,62.3,8.1
,45 to 64 years,"1,161","1,091",943,81.3,4.5,86.5,3.4,824,71,4.5,75.6,4.6
,65 years and over,763,759,628,82.3,6.3,82.7,6.3,576,75.4,6.9,75.8,7
LOUISIANA,Total,"3,400","3,273","2,160",63.5,3.6,66,3.6,"1,897",55.8,3.7,58,3.6
,18 to 24 years,380,371,177,46.6,7.5,47.6,7.8,142,37.3,6.9,38.1,7.1
,25 to 34 years,559,529,308,55,6.4,58.1,6.3,253,45.2,6.7,47.7,6.8
,35 to 44 years,600,550,339,56.5,6.5,61.6,6.7,301,50.1,6,54.7,6.1
,45 to 64 years,"1,083","1,055",743,68.6,4.6,70.5,4.8,656,60.5,4,62.2,4.1
,65 years and over,778,768,593,76.3,4.3,77.3,4.2,546,70.2,4.7,71.1,4.6
MAINE,Total,"1,141","1,123",831,72.8,4,74,4,753,66,3.5,67.1,3.5
,18 to 24 years,69,69,34,49.9,15.8,49.9,15.8,26,38.5,16.6,38.5,16.6
,25 to 34 years,195,189,125,64.4,11.7,66.4,11.7,109,55.9,10.7,57.6,10.7
,35 to 44 years,189,185,122,64.5,11.2,65.7,11.2,107,56.8,10.5,57.9,10.7
,45 to 64 years,333,327,244,73.3,6.2,74.5,6.2,213,63.9,6.3,65,6.3
,65 years and over,357,353,306,85.7,3.9,86.5,3.8,298,83.6,4.2,84.5,4.1
MARYLAND,Total,"4,785","4,350","3,497",73.1,3.5,80.4,3.2,"3,091",64.6,3.7,71.1,3.6
,18 to 24 years,463,410,304,65.7,10.9,74.1,10.3,243,52.6,10.6,59.3,10.7
,25 to 34 years,840,675,517,61.5,8.5,76.5,7.6,474,56.5,8.8,70.2,8.5
,35 to 44 years,839,719,612,73,6.4,85.1,5,520,62,7.9,72.3,7.5
,45 to 64 years,"1,364","1,297","1,056",77.4,4.7,81.4,4.4,947,69.4,4.9,73,4.8
,65 years and over,"1,280","1,248","1,008",78.8,4.7,80.8,4.8,905,70.8,5,72.6,5.2
MASSACHUSETTS,Total,"5,620","4,947","3,728",66.3,3.1,75.4,3,"3,408",60.6,3,68.9,3.1
,18 to 24 years,647,556,388,59.9,9.1,69.8,8.6,318,49.2,8.6,57.3,8.7
,25 to 34 years,967,783,522,54,6.3,66.7,6.7,449,46.4,6.5,57.3,7
,35 to 44 years,939,795,607,64.7,5.3,76.4,5.2,557,59.3,5.6,70,5.4
,45 to 64 years,"1,836","1,648","1,280",69.7,4,77.7,4,"1,208",65.8,4.2,73.3,4.1
,65 years and over,"1,231","1,165",931,75.6,4.7,79.9,4.5,877,71.2,4.6,75.3,4.6
MICHIGAN,Total,"7,850","7,534","6,090",77.6,2.7,80.8,2.5,"5,444",69.4,2.9,72.3,2.9
,18 to 24 years,868,832,598,68.9,6,71.8,5.7,483,55.7,7.1,58,6.9
,25 to 34 years,"1,297","1,255",979,75.5,4.4,78,4.4,829,63.9,6.1,66,6.1
,35 to 44 years,"1,252","1,140",905,72.3,6.7,79.5,7.1,791,63.1,5.8,69.4,6
,45 to 64 years,"2,623","2,531","2,107",80.3,4,83.2,3.4,"1,924",73.3,4.4,76,4
,65 years and over,"1,810","1,775","1,501",82.9,3.8,84.6,3.7,"1,418",78.3,4.5,79.9,4.4
MINNESOTA,Total,"4,486","4,208","3,519",78.4,2.5,83.6,2.3,"3,193",71.2,2.9,75.9,2.9
,18 to 24 years,529,475,333,63,8.1,70.1,8.2,315,59.6,8.3,66.3,8
,25 to 34 years,714,654,495,69.3,5.9,75.7,5.5,412,57.7,5.6,63,5.5
,35 to 44 years,842,773,654,77.7,5.5,84.6,4.5,569,67.6,5.6,73.6,4.9
,45 to 64 years,"1,312","1,233","1,092",83.2,4.1,88.5,3.2,993,75.7,5.5,80.5,5.4
,65 years and over,"1,089","1,073",945,86.8,4,88.1,3.7,904,83,4.5,84.3,4.2
MISSISSIPPI,Total,"2,201","2,162","1,751",79.5,2.5,81,2.2,"1,490",67.7,3,68.9,2.8
,18 to 24 years,236,230,145,61.7,6.4,63.2,6.2,112,47.4,7.9,48.6,7.6
,25 to 34 years,409,396,309,75.5,6.1,77.8,6.4,230,56.3,7.7,58,8
,35 to 44 years,336,331,270,80.6,8,81.6,7.5,231,68.8,8.4,69.7,8.1
,45 to 64 years,712,699,599,84.1,3.1,85.7,2.9,534,75,2.7,76.4,2.7
,65 years and over,509,505,427,83.9,4.5,84.6,4.2,383,75.2,4.9,75.8,4.7
MISSOURI,Total,"4,790","4,664","3,707",77.4,2.8,79.5,2.7,"3,240",67.6,3.2,69.5,3.3
,18 to 24 years,523,512,283,54.2,8.1,55.3,8,215,41,8.3,41.9,8.4
,25 to 34 years,861,822,587,68.2,6.1,71.5,6,493,57.3,7.1,60,7.1
,35 to 44 years,780,745,627,80.4,4.3,84.2,4.3,540,69.3,4.5,72.5,5
,45 to 64 years,"1,449","1,416","1,198",82.6,4.6,84.6,4.4,"1,071",73.9,4.7,75.6,4.7
,65 years and over,"1,176","1,170","1,012",86,3.8,86.5,3.1,921,78.3,4.8,78.7,4
MONTANA,Total,896,881,651,72.6,2.5,73.8,2.5,610,68,2.6,69.2,2.5
,18 to 24 years,103,102,59,57.3,8.4,58.2,8.4,47,45.9,9.3,46.7,9.4
,25 to 34 years,136,132,88,65.2,6.8,67.1,6.5,82,60.7,7.4,62.5,7
,35 to 44 years,155,151,112,72.3,6.1,74.5,6.2,102,65.7,6.9,67.6,6.9
,45 to 64 years,258,255,195,75.6,3.5,76.5,3.6,185,71.5,3.6,72.4,3.7
,65 years and over,243,242,196,80.3,3.6,80.8,3.6,193,79.4,3.5,79.9,3.5
NEBRASKA,Total,"1,488","1,377","1,016",68.2,4.7,73.8,4,928,62.4,4.6,67.4,4
,18 to 24 years,180,171,90,49.7,11.4,52.5,9.6,70,39,10.5,41.3,9.5
,25 to 34 years,260,228,154,59.4,8.4,67.7,7.7,135,51.9,8.8,59,8.9
,35 to 44 years,261,224,187,71.9,6.6,83.8,6.2,175,67.2,6.9,78.4,6.3
,45 to 64 years,473,448,340,71.8,6.7,75.9,6.5,316,66.8,6.6,70.6,6.5
,65 years and over,314,307,244,77.8,4.6,79.7,4.5,231,73.6,5.1,75.4,4.6
NEVADA,Total,"2,506","2,230","1,640",65.4,3,73.5,2.6,"1,493",59.6,3.1,66.9,2.9
,18 to 24 years,248,233,124,49.9,12.2,53.2,12.2,113,45.5,12.2,48.5,12.2
,25 to 34 years,442,407,274,62.1,7.2,67.5,7.1,226,51.1,8.8,55.4,9.1
,35 to 44 years,451,360,274,60.8,6.8,76.1,6.7,235,52.3,7.3,65.4,7.9
,45 to 64 years,767,658,501,65.2,5.1,76,4.8,464,60.5,4.9,70.6,4.9
,65 years and over,599,573,467,78,4.3,81.6,4.3,454,75.9,4.3,79.3,4.2
NEW HAMPSHIRE,Total,"1,144","1,096",856,74.9,3.9,78.1,3.4,788,68.9,3.8,71.9,3.4
,18 to 24 years,112,103,74,66.5,11.3,72.1,10.7,59,52.9,12.2,57.4,11.7
,25 to 34 years,162,150,101,62.5,11,67.4,9.8,99,61.2,11,65.9,9.8
,35 to 44 years,199,188,142,71.3,7.5,75.6,7.5,136,68.3,7.5,72.4,7.5
,45 to 64 years,391,378,304,77.9,5.2,80.5,4.7,279,71.3,5.5,73.7,5.1
,65 years and over,281,278,235,83.5,4.5,84.4,4.4,216,76.8,4.8,77.6,4.8
NEW JERSEY,Total,"7,282","6,323","5,175",71.1,3.2,81.9,2.7,"4,581",62.9,3.2,72.5,2.8
,18 to 24 years,784,669,469,59.9,8.8,70.2,8.1,350,44.7,7.7,52.4,7.8
,25 to 34 years,"1,232",968,713,57.9,6.8,73.6,6.4,596,48.4,6.6,61.6,6.5
,35 to 44 years,"1,193",997,783,65.7,6.6,78.6,5.7,690,57.8,7,69.2,6.7
,45 to 64 years,"2,274","2,001","1,705",75,4.2,85.2,3.5,"1,515",66.6,4.3,75.7,3.8
,65 years and over,"1,800","1,688","1,505",83.6,3.5,89.1,3,"1,430",79.4,4.1,84.7,3.7
NEW MEXICO,Total,"1,645","1,491","1,135",69,3.4,76.1,3.3,984,59.8,3.8,66,3.7
,18 to 24 years,202,185,97,48.1,8.3,52.5,8.8,81,40.1,8.6,43.8,8.9
,25 to 34 years,269,239,164,60.8,8.1,68.5,8.2,128,47.4,9.1,53.4,9.3
,35 to 44 years,260,226,179,68.7,7,79.1,7.2,152,58.6,6.7,67.4,7.1
,45 to 64 years,489,434,343,70,5.3,78.9,4.3,297,60.8,5.5,68.4,5.2
,65 years and over,425,407,353,83.1,3.2,86.8,3,326,76.8,3.6,80.2,3.5
NEW YORK,Total,"15,392","13,667","9,051",58.8,2.5,66.2,2.7,"8,091",52.6,2.4,59.2,2.6
,18 to 24 years,"1,775","1,570",767,43.2,6.2,48.9,6.6,646,36.4,6.1,41.2,6.7
,25 to 34 years,"2,528","2,190","1,305",51.6,4.3,59.6,4.7,"1,087",43,4.4,49.6,5
,35 to 44 years,"2,605","2,216","1,423",54.6,4.8,64.2,5,"1,309",50.2,4.8,59.1,5.1
,45 to 64 years,"4,738","4,187","2,960",62.5,3.5,70.7,3.8,"2,703",57.1,3.6,64.6,4
,65 years and over,"3,745","3,504","2,596",69.3,3.6,74.1,3.6,"2,346",62.7,3.6,67,3.6
NORTH CAROLINA,Total,"8,496","7,695","5,374",63.3,2.9,69.8,2.7,"4,971",58.5,2.8,64.6,2.7
,18 to 24 years,"1,143","1,076",661,57.8,8.2,61.4,8.4,562,49.1,7.7,52.2,8.1
,25 to 34 years,"1,379","1,213",757,54.9,5.2,62.4,5.4,671,48.7,5.4,55.3,5.6
,35 to 44 years,"1,291","1,045",720,55.8,6.2,68.9,5,664,51.4,5.8,63.5,5
,45 to 64 years,"2,740","2,459","1,814",66.2,4.4,73.8,3.8,"1,703",62.2,4.2,69.2,3.7
,65 years and over,"1,943","1,902","1,423",73.2,4.2,74.8,4.2,"1,371",70.6,4.1,72.1,4.1
NORTH DAKOTA,Total,582,563,442,76,2.7,78.6,2.9,401,68.9,2.7,71.2,2.7
,18 to 24 years,68,65,40,58.1,11.7,61.2,12.1,30,43.7,9.4,46,9.9
,25 to 34 years,102,98,71,69.3,6.9,72.5,7.5,61,59.5,7.4,62.4,7.6
,35 to 44 years,116,110,85,73,5.7,76.9,5.8,75,64.5,7.1,67.9,7.1
,45 to 64 years,160,157,131,81.7,3.7,83.6,3.5,126,78.5,3.9,80.4,3.7
,65 years and over,136,134,116,85.7,3.7,86.8,3.4,110,80.9,4,81.9,3.9
OHIO,Total,"9,113","8,782","6,593",72.4,2.3,75.1,2.2,"5,922",65,2.5,67.4,2.5
,18 to 24 years,968,944,450,46.4,6.3,47.6,6.4,386,39.9,6.4,40.9,6.5
,25 to 34 years,"1,606","1,473","1,112",69.2,6.1,75.5,5.6,895,55.7,6.2,60.7,6
,35 to 44 years,"1,475","1,389","1,026",69.6,4,73.9,4.2,898,60.9,4.5,64.7,4.8
,45 to 64 years,"2,785","2,720","2,152",77.3,4.1,79.1,4,"2,012",72.2,4.2,74,4.2
,65 years and over,"2,278","2,255","1,854",81.4,3,82.2,2.9,"1,730",75.9,3.4,76.7,3.4
OKLAHOMA,Total,"3,053","2,924","2,062",67.6,3.4,70.5,3,"1,747",57.2,3.3,59.7,3.1
,18 to 24 years,464,462,215,46.3,7.6,46.6,7.7,158,34,7.7,34.2,7.8
,25 to 34 years,446,420,270,60.5,7.6,64.3,7.9,226,50.8,8.4,53.9,8.8
,35 to 44 years,540,507,351,65.1,7,69.4,6.6,294,54.4,6.7,58,6.4
,45 to 64 years,848,794,596,70.3,5,75.1,4.5,499,58.9,5.5,62.9,5.6
,65 years and over,755,742,630,83.4,4.6,84.9,4.3,570,75.5,4.8,76.8,4.7
OREGON,Total,"3,365","3,138","2,604",77.4,2.9,83,3,"2,362",70.2,2.8,75.3,2.8
,18 to 24 years,269,252,155,57.8,12.2,61.6,12.3,115,42.9,12,45.8,12.4
,25 to 34 years,625,578,451,72.2,6.2,78,6.6,393,62.9,6.8,68,6.9
,35 to 44 years,615,550,471,76.6,5.1,85.7,4.4,418,68,5.5,76,5.2
,45 to 64 years,"1,012",930,787,77.8,5.6,84.7,4.8,735,72.6,4.8,79,4.1
,65 years and over,845,828,739,87.4,3.4,89.2,3.5,701,83,3.6,84.6,3.7
PENNSYLVANIA,Total,"10,185","9,789","7,413",72.8,2.3,75.7,2.3,"6,828",67,2.4,69.7,2.3
,18 to 24 years,"1,145","1,096",668,58.3,7.4,60.9,7.4,592,51.7,6.8,54,6.8
,25 to 34 years,"1,673","1,570","1,127",67.4,4.7,71.8,4.8,979,58.5,5.2,62.4,5.3
,35 to 44 years,"1,592","1,458","1,105",69.4,5.1,75.7,5.2,"1,004",63,5.2,68.8,5.5
,45 to 64 years,"3,240","3,157","2,502",77.2,3.3,79.3,3.2,"2,364",73,3.5,74.9,3.5
,65 years and over,"2,535","2,507","2,011",79.3,3.1,80.2,3,"1,890",74.5,3.4,75.4,3.3
RHODE ISLAND,Total,888,811,645,72.6,3.5,79.5,3.2,568,64,3.9,70,4
,18 to 24 years,92,84,65,71.1,9.5,78.2,9.4,54,59.1,12.1,64.9,11.6
,25 to 34 years,176,157,126,71.9,7.1,80.4,7,108,61.2,8.2,68.4,9.2
,35 to 44 years,133,116,94,70.9,8.8,81.8,8.1,75,56.4,9.6,65.1,10.7
,45 to 64 years,241,227,175,72.9,6.3,77.3,5.9,162,67.3,6.8,71.3,6.6
,65 years and over,246,227,183,74.4,7.3,80.5,5.9,169,68.6,7.2,74.2,6.2
SOUTH CAROLINA,Total,"4,222","4,006","2,935",69.5,3.2,73.3,3,"2,510",59.5,3.2,62.7,3.2
,18 to 24 years,477,459,273,57.2,8.6,59.4,8.2,221,46.4,8.3,48.2,8.2
,25 to 34 years,642,575,376,58.6,8.2,65.5,9,284,44.2,8,49.4,8.6
,35 to 44 years,676,620,482,71.3,5.5,77.7,5.7,375,55.4,6.6,60.5,7
,45 to 64 years,"1,257","1,208",891,70.9,6.6,73.8,6.6,795,63.2,6.5,65.8,6.7
,65 years and over,"1,171","1,145",913,78,4,79.7,4.1,836,71.4,4.9,73,5.2
SOUTH DAKOTA,Total,690,669,473,68.5,3.5,70.7,3.7,394,57.1,3.7,58.9,3.8
,18 to 24 years,79,74,36,45.7,10.7,48.9,11.3,26,32.6,11.6,34.9,12.4
,25 to 34 years,104,97,60,57.9,7.7,61.9,8.5,44,41.9,7.3,44.8,7.8
,35 to 44 years,129,125,89,68.9,7,71,7.3,76,59,7.3,60.9,7.6
,45 to 64 years,196,191,136,69.3,5.4,71.4,5.2,108,54.8,8.3,56.5,7.7
,65 years and over,182,182,152,83.4,3.5,83.4,3.5,141,77.6,4.5,77.6,4.5
TENNESSEE,Total,"5,583","5,300","3,980",71.3,2.9,75.1,2.6,"3,433",61.5,2.8,64.8,2.6
,18 to 24 years,520,476,272,52.3,8.4,57.1,8.3,234,45,9.3,49.1,9.5
,25 to 34 years,"1,040",962,699,67.3,5.3,72.7,5.1,553,53.2,5.9,57.5,6.3
,35 to 44 years,982,911,661,67.3,6.2,72.6,5.9,534,54.4,5.8,58.6,5.9
,45 to 64 years,"1,746","1,665","1,286",73.6,4.1,77.2,3.8,"1,134",64.9,4.5,68.1,4.3
,65 years and over,"1,296","1,286","1,062",82,3.7,82.6,3.7,979,75.5,3.7,76.1,3.7
TEXAS,Total,"23,139","19,754","13,641",59,2.2,69.1,2.3,"11,442",49.4,2.2,57.9,2.3
,18 to 24 years,"3,109","2,768","1,554",50,4.2,56.1,4.5,"1,154",37.1,4.2,41.7,4.7
,25 to 34 years,"4,191","3,456","2,188",52.2,3.7,63.3,4.3,"1,712",40.9,4.2,49.5,5
,35 to 44 years,"4,403","3,535","2,389",54.3,3.7,67.6,3.8,"1,943",44.1,4.1,55,4.4
,45 to 64 years,"7,094","5,978","4,510",63.6,2.7,75.4,2.7,"3,948",55.7,2.7,66,2.8
,65 years and over,"4,342","4,017","3,000",69.1,3.3,74.7,3.2,"2,685",61.8,3.2,66.8,3.2
UTAH,Total,"2,505","2,324","1,736",69.3,3.1,74.7,3.1,"1,555",62.1,3.2,66.9,3.1
,18 to 24 years,397,384,234,59.1,7.3,61.1,7.4,201,50.6,7.3,52.4,7.3
,25 to 34 years,512,465,337,65.9,6.4,72.5,5.9,271,53,5.8,58.3,5.4
,35 to 44 years,454,407,295,65,5.9,72.6,5.7,271,59.6,5.8,66.6,5.5
,45 to 64 years,735,670,539,73.4,4.5,80.5,4.6,503,68.4,4.7,75,4.8
,65 years and over,408,398,330,81,4,82.9,4.2,310,76,4.6,77.8,4.7
VERMONT,Total,530,520,401,75.7,3.3,77.2,3.4,373,70.4,3.1,71.7,3.1
,18 to 24 years,38,38,29,75.8,8.8,75.8,8.8,27,69,9.4,69,9.4
,25 to 34 years,86,80,59,68.8,8.7,73.8,8.6,52,60.8,8.4,65.2,8.1
,35 to 44 years,95,93,70,73.3,6.1,75.1,6.4,63,65.7,6.1,67.3,6.3
,45 to 64 years,151,149,118,78.3,4.8,78.9,4.7,111,73.4,4.8,74,4.8
,65 years and over,159,159,125,78.5,4,78.8,4,121,75.8,4.3,76.1,4.4
VIRGINIA,Total,"6,722","6,259","4,981",74.1,2.5,79.6,2.2,"4,565",67.9,2.7,72.9,2.4
,18 to 24 years,822,763,487,59.2,7.4,63.8,7.4,405,49.2,7.7,53.1,7.9
,25 to 34 years,"1,095",983,778,71,6.5,79.1,5.5,657,60,6.2,66.9,5.8
,35 to 44 years,"1,133",992,783,69.1,6.4,78.9,5.2,707,62.4,6.6,71.3,6
,45 to 64 years,"2,104","1,986","1,693",80.5,3.2,85.2,3,"1,610",76.5,3.5,81.1,3.5
,65 years and over,"1,567","1,535","1,241",79.2,4.1,80.8,4.1,"1,186",75.7,4,77.3,3.9
WASHINGTON,Total,"6,155","5,516","4,250",69.1,3.7,77.1,3.5,"3,863",62.8,4.1,70,4
,18 to 24 years,742,698,421,56.7,8,60.2,8.3,347,46.7,12.5,49.7,13.3
,25 to 34 years,"1,144",944,731,63.9,6.3,77.4,5,648,56.7,6.2,68.7,5.2
,35 to 44 years,"1,066",876,672,63.1,6.2,76.7,5.8,594,55.7,5.8,67.8,5.6
,45 to 64 years,"1,820","1,649","1,324",72.8,4.3,80.3,4.7,"1,210",66.5,4.3,73.4,4.7
,65 years and over,"1,383","1,349","1,102",79.7,5,81.7,4.9,"1,064",76.9,4.8,78.8,4.7
WEST VIRGINIA,Total,"1,379","1,355","1,001",72.6,4.5,73.8,4.4,807,58.5,5.5,59.5,5.5
,18 to 24 years,157,151,101,64.4,7.7,67.3,7.1,73,46.6,7.4,48.7,7.9
,25 to 34 years,202,200,143,70.6,6.7,71.4,6.6,107,52.7,7.5,53.2,7.5
,35 to 44 years,195,186,138,70.7,5.6,74,5.5,109,56,6.3,58.7,6.5
,45 to 64 years,416,412,314,75.5,4.5,76.2,4.4,263,63.1,7,63.7,7
,65 years and over,408,406,305,74.7,5.6,75,5.4,255,62.6,5.7,62.8,5.5
WISCONSIN,Total,"4,629","4,431","3,380",73,3.3,76.3,3.2,"3,201",69.2,3.6,72.2,3.4
,18 to 24 years,449,432,298,66.3,13,69,13.1,285,63.4,12.3,66,12.5
,25 to 34 years,745,700,434,58.3,7.8,62,8.8,387,52,6.5,55.3,7.6
,35 to 44 years,815,770,565,69.3,7,73.4,6.2,522,64.1,7.3,67.8,6.7
,45 to 64 years,"1,483","1,410","1,161",78.3,4.2,82.4,3.8,"1,125",75.9,4.9,79.8,4.7
,65 years and over,"1,137","1,119",922,81.1,5.4,82.4,5.4,881,77.5,5.4,78.8,5.4
WYOMING,Total,453,443,307,67.8,2.8,69.3,2.5,283,62.4,2.5,63.8,2.4
,18 to 24 years,46,45,22,48.4,9.4,49.4,9.3,22,47.2,9.3,48.2,9.2
,25 to 34 years,78,75,47,60.3,6,62.8,6,41,52.2,6.1,54.3,6.1
,35 to 44 years,78,75,53,68.6,7,71.3,6.8,47,60.3,7.8,62.6,8
,45 to 64 years,121,118,80,66.5,4.5,68.1,4.5,75,61.7,4.7,63.2,4.7
,65 years and over,130,130,104,79.7,3.4,80,3.3,99,75.9,4,76.1,3.9
,,,,,,,,,,,,,
1 This figure added to or subtracted from the estimate provides the 90-percent confidence interval.,,,,,,,,,,,,,
NOTES:,,,,,,,,,,,,,
Estimates may not sum to totals due to rounding.,,,,,,,,,,,,,
"Information on confidentiality protection, sampling error, nonsampling error, and definitions is available at <https://www.census.gov/programs-surveys/cps/technical-documentation/complete.24.html>",,,,,,,,,,,,,